id,status
1dd047db-12dd-413e-ac23-048a25d7cecb,done
c97c5faf-a483-437e-bd6b-b83faafeffb2,done
69066b83-5408-406e-b560-70bd82c5cb5e,done
b12e4446-f5ef-4b86-9969-588701e0bc7d,done
547b8d26-d316-40ab-9838-58bd774651cb,done
5e43ca0c-87f7-41ba-b489-b9e2a0c2bc38,done
66589cbd-5137-48a8-82d2-b730b503d3c3,done
f3fd269c-6d99-467a-8e89-fc4fafa38e77,done
32477896-6c30-43a6-a224-f31f873bf98b,done
122f2e6c-4d04-419a-bbbc-d94cc2e90642,done
c41a78d0-d06f-42af-81c8-ff471268a0be,done
4abff06a-aa57-4eb6-8517-44c9ce4e67e1,done
a9573897-902a-4472-86c7-7fd3b04b2829,done
50b7343a-44c8-4af7-a3ef-8f196696a803,done
448241a2-0efa-4c14-b2fa-44e6ef7766f9,done
0918c19d-0d94-4dd6-b48f-4d38fcdb2256,done
86eb50d2-4492-4f27-95ac-1492167da1f4,done
71d365fa-6f1c-446c-8ab9-e600fdab10b0,done
a792e0bf-e3bf-4625-945e-f814d869ce86,done
c166270f-c65d-495a-8d1c-7a10a48ba84c,done
eab93db7-1afb-4198-bf09-07b67b5fc343,done
843b1d0f-7660-4361-99f3-f7d1a056e879,done
88dde577-25e3-4494-a83d-dd5de9772875,done
a0cb0fe0-51e4-48e4-90b1-34e977453cb9,done
9e8bc7e2-3477-4a62-9c1f-0716f3bef06d,done
20a0400c-2510-48b6-9d2c-14564eb4dfc5,done
625e66eb-4c11-45f2-894b-0d9691f1131b,done
04d1555d-553d-486a-8335-59d08c747452,done
0f7437eb-6ad5-460b-965d-b5575254eebe,done
5a4a9984-1009-4950-8562-99b583db2536,done
c2e8c6b4-2794-4168-a866-84ca430ebbc9,done
65bb083f-8946-4930-90ae-2084ebae0dcd,done
0b9ceb4e-4b15-48b4-a0a6-918dd52b69ba,done
7f332f6a-feef-4204-b071-a7ca7c084673,done
2ed04fdc-718c-4a57-95dd-ef6b2ed162e6,done
646d4965-65b4-4df1-b719-34d22f3e53af,done
1e247b07-3ef9-4775-9482-317f1bf32926,done
3ab6bdb6-d867-423d-aca4-542899c9098d,done
8eabe0c2-1d7e-46c8-9017-2f2885894453,done
ec3dc679-7909-471e-975b-f859fe7ec2c4,done
ba292a75-b29b-4c1c-ae22-c9c3e6e567a4,done
89db1351-1732-4da2-a74a-e2ef8a9f260a,done
9f752245-5939-4569-b8ac-5540f003550a,done
35ba0a37-3835-4cb5-85dd-4ac4d9569aac,done
cf94821f-b038-4faf-a8b9-8a75a626f3cc,done
50ca239a-86cc-40bd-98fd-9ae75de1d40b,done
6ea668e9-72a5-4543-8d2c-6f70b593b223,done
147d31a2-a02a-4cff-9984-d4e23124cbbb,done
31254515-a995-4e77-a251-036f52f2ee22,done
6f266c6e-8af8-4b0c-9225-98fd48cba33d,done
c38f1544-b365-40ac-9d1f-e18d1e92b72d,done
a2e28557-6bac-46db-ab33-3cc115ee7e14,done
3f396c57-af17-4aab-ae80-594182450d7c,done
169796e9-5212-4264-ba9b-d9febb3af3f5,done
7fa0632c-d849-419a-8959-875956d523ac,done
7fda76fb-f6af-4471-a524-ad90d7c70d8f,done
80908f81-8cea-4a11-b949-e8b5c94716fe,done
e320c609-bd43-44df-8c58-a58b9a33dfd2,done
b34904a0-4839-4a73-bee1-be9f77b005c4,done
7b6a54b0-0ca5-4a30-858a-56f9d611b8cd,done
ea605809-a51f-4e11-9920-3298b43d9bab,done
1e4625c3-7490-4831-9502-b0dee10341d9,done
9ae4b6bb-d5b0-43d5-a793-c62f28d0c81f,done
aadd04ae-1e48-4780-8f1e-a7c205910051,done
4c54d659-6462-4817-a150-64cd365c8917,done
25f0d183-495c-4041-b62a-b3af496be482,done
3f6cf726-09d7-4e80-b9d7-f92667c6263e,done
ab2a3f43-4fb3-4c7a-9090-17771e1f7d44,done
83fa1cbe-f115-4d6c-8b74-93e2dc004934,done
c02e3e04-a917-4548-9c30-72f8e32f2e51,done
f62cb8f6-2cf7-4aa6-9144-2fe2f23b1b95,done
bc076791-f2f6-45c3-a4a1-82975ae5126f,done
bb25982f-f1d1-436a-a8f1-718ea39c1cd8,done
81860898-0177-44d7-8145-e08585e2e9d6,done
45681037-553c-4308-8c94-e3d49241454c,done
02f8a581-e37e-43d0-957d-5a4da8400ba7,done
1092d3bf-57f9-44d3-8c50-bda06378f5b9,done
fc56a369-3cef-4361-a715-fa7532beef01,done
62ca164e-1af6-4cfe-a418-d73eb0860c48,done
c4c9610c-bb6a-4a8a-851e-7b317df795ca,done
3ad91bd5-f9ef-41df-ab2f-e239e1d9ec1a,done
8e1d3985-ab21-4038-816f-d6f0dea0cc29,done
baab73c6-e26d-41e6-b927-5fe3cecf751a,done
2cff7d8b-5b44-439c-8dbd-3d4063c3e6b4,done
1782744f-88fa-45ff-8ee8-06c78519e5bd,done
03e3b6be-678d-4b41-abed-6cf103b97f63,done
1a602282-cf8e-4e79-ba38-f08191740704,done
305fdbb4-dd4e-4e9b-91c6-6a3248484dd7,done
1f8450fd-6f05-416c-993e-a69e9752e9b4,done
ba62598f-be58-4abd-9e9b-c92062b96b54,done
e7dabfd8-41c2-40a4-9b6b-c5f2e4a2dd72,done
3856c294-0b4a-4e06-87ed-d49a24332e9e,done
66da5ae2-509e-404f-b2eb-42b437cf77a1,done
59610fbf-ee72-4088-8d59-28cac36bc70e,done
5a694ffb-432e-48f3-9a7e-c101a5df718f,done
0fa9e29a-78f8-4336-8242-4074c1202559,done
5ca62742-5019-41c6-a31f-ed987d8895f7,done
dcd90259-2231-4f8f-8789-f92662f2279c,done
399df54d-e612-4f9d-bce4-71cfef0f7c69,done
5982e911-54ec-4982-a0b9-84d2fa3635cc,done
